{
  "avg_false_positive_estimate": 0.0,
  "estimated_bytes": 10570170368.0,
  "eval_time_s": 4.877466999983881,
  "false_positive_rate": 0.0,
  "load_time_s": 13.768852000008337,
  "mae": 0.08,
  "mae_active": 0.1,
  "max_false_positive_estimate": 0.0,
  "max_relative_error": 0.041666666666666664,
  "mean_relative_error": 0.002092198581560284,
  "mean_relative_error_active": 0.0026152482269503545,
  "median_relative_error": 0.0,
  "num_queries": 25.0,
  "p90_relative_error": 0.0,
  "rmse": 0.282842712474619,
  "rmse_active": 0.31622776601683794,
  "stream_time_s": 19.630540875019506,
  "throughput_events_per_s": 457435.1291271325,
  "total_counters": 2642542592.0,
  "total_time_s": 42.05624325003009,
  "weighted_relative_l1": 0.002751031636863824,
  "weighted_relative_l1_active": 0.002751031636863824
}