{
  "avg_false_positive_estimate": 0.0,
  "estimated_bytes": 2642542592.0,
  "eval_time_s": 2.7256143750273623,
  "false_positive_rate": 0.0,
  "load_time_s": 13.90618175000418,
  "mae": 0.36,
  "mae_active": 0.45,
  "max_false_positive_estimate": 0.0,
  "max_relative_error": 0.041666666666666664,
  "mean_relative_error": 0.0055617165400773105,
  "mean_relative_error_active": 0.006952145675096638,
  "median_relative_error": 0.0,
  "num_queries": 25.0,
  "p90_relative_error": 0.02127659574468085,
  "rmse": 0.7211102550927979,
  "rmse_active": 0.806225774829855,
  "stream_time_s": 8.938306291995104,
  "throughput_events_per_s": 1004630.9341672444,
  "total_counters": 660635648.0,
  "total_time_s": 29.074957208998967,
  "weighted_relative_l1": 0.012379642365887207,
  "weighted_relative_l1_active": 0.012379642365887207
}