{
  "avg_false_positive_estimate": 0.0,
  "estimated_bytes": 67108864.0,
  "eval_time_s": 5.024456917017233,
  "false_positive_rate": 0.0,
  "load_time_s": 14.140332875016611,
  "mae": 0.36,
  "mae_active": 0.45,
  "max_false_positive_estimate": 0.0,
  "max_relative_error": 0.045454545454545456,
  "mean_relative_error": 0.006861972161823905,
  "mean_relative_error_active": 0.008577465202279881,
  "median_relative_error": 0.0,
  "num_queries": 25.0,
  "p90_relative_error": 0.030303030303030304,
  "rmse": 0.7211102550927979,
  "rmse_active": 0.806225774829855,
  "stream_time_s": 13.83015166700352,
  "throughput_events_per_s": 649284.2028207177,
  "total_counters": 16777216.0,
  "total_time_s": 36.41973083396442,
  "weighted_relative_l1": 0.012379642365887207,
  "weighted_relative_l1_active": 0.012379642365887207
}