{
  "avg_false_positive_estimate": 0.0,
  "estimated_bytes": 268435456.0,
  "eval_time_s": 5.002478584006894,
  "false_positive_rate": 0.0,
  "load_time_s": 13.717429500014987,
  "mae": 0.16,
  "mae_active": 0.2,
  "max_false_positive_estimate": 0.0,
  "max_relative_error": 0.045454545454545456,
  "mean_relative_error": 0.004287738890308139,
  "mean_relative_error_active": 0.005359673612885174,
  "median_relative_error": 0.0,
  "num_queries": 25.0,
  "p90_relative_error": 0.010638297872340425,
  "rmse": 0.4,
  "rmse_active": 0.4472135954999579,
  "stream_time_s": 36.16478787496453,
  "throughput_events_per_s": 248299.50699686792,
  "total_counters": 67108864.0,
  "total_time_s": 58.37128133297665,
  "weighted_relative_l1": 0.005502063273727648,
  "weighted_relative_l1_active": 0.005502063273727648
}