{
  "avg_false_positive_estimate": 0.0,
  "estimated_bytes": 134217728.0,
  "eval_time_s": 4.936023375019431,
  "false_positive_rate": 0.0,
  "load_time_s": 13.535337541950867,
  "mae": 0.24,
  "mae_active": 0.3,
  "max_false_positive_estimate": 0.0,
  "max_relative_error": 0.045454545454545456,
  "mean_relative_error": 0.005770130372699622,
  "mean_relative_error_active": 0.007212662965874528,
  "median_relative_error": 0.0,
  "num_queries": 25.0,
  "p90_relative_error": 0.030303030303030304,
  "rmse": 0.4898979485566356,
  "rmse_active": 0.5477225575051661,
  "stream_time_s": 21.09287154203048,
  "throughput_events_per_s": 425721.97825728473,
  "total_counters": 33554432.0,
  "total_time_s": 43.00197954202304,
  "weighted_relative_l1": 0.008253094910591471,
  "weighted_relative_l1_active": 0.008253094910591471
}