{
  "estimated_bytes": 262144.0,
  "mae": 259.5300179200739,
  "mean_relative_error": 0.05453375763275589,
  "num_queries": 55.0,
  "rmse": 307.53454559906146,
  "total_counters": 32768.0,
  "weighted_relative_l1": 0.05339722416591197
}