{
  "avg_false_positive_estimate": 0.0,
  "estimated_bytes": 5285085184.0,
  "eval_time_s": 2.769128624990117,
  "false_positive_rate": 0.0,
  "load_time_s": 13.617280208040029,
  "mae": 0.2,
  "mae_active": 0.25,
  "max_false_positive_estimate": 0.0,
  "max_relative_error": 0.041666666666666664,
  "mean_relative_error": 0.0039519485545178035,
  "mean_relative_error_active": 0.004939935693147254,
  "median_relative_error": 0.0,
  "num_queries": 25.0,
  "p90_relative_error": 0.010638297872340425,
  "rmse": 0.4472135954999579,
  "rmse_active": 0.5,
  "stream_time_s": 12.58010241703596,
  "throughput_events_per_s": 713801.7404246011,
  "total_counters": 1321271296.0,
  "total_time_s": 32.88098791602533,
  "weighted_relative_l1": 0.0068775790921595595,
  "weighted_relative_l1_active": 0.0068775790921595595
}